event_id,occurred_at,event_type,actor,project_id,repo,properties
GH-1001,2025-12-18T14:23:00Z,commit,John Doe,1,retailflow-core,"{""sha"":""a1b2c3d"",""message"":""Fix: handle null product ids in sync worker"",""files_changed"":2,""additions"":45,""deletions"":12}"
GH-1002,2025-12-17T09:15:00Z,commit,Alice Smith,1,retailflow-core,"{""sha"":""d4e5f6a"",""message"":""Feat: add backoff and retry for webhook"",""files_changed"":3,""additions"":89,""deletions"":5}"
GH-1003,2025-12-16T08:00:00Z,commit,David Lee,1,retailflow-ops,"{""sha"":""b7c8d9e"",""message"":""Chore: bump deps and update CI"",""files_changed"":5,""additions"":120,""deletions"":98}"
GH-1004,2025-12-15T15:30:00Z,commit,Bob Johnson,1,retailflow-ui,"{""sha"":""c8d9e0f"",""message"":""Feat: inventory dashboard v1"",""files_changed"":8,""additions"":320,""deletions"":15}"
GH-2001,2025-12-19T10:00:00Z,commit,Sara Kim,2,cloudsync-api,"{""sha"":""p1q2r3s"",""message"":""Feat: add auto-scaling policy"",""files_changed"":4,""additions"":120,""deletions"":30}"
GH-2002,2025-12-18T13:45:00Z,commit,Mike Chen,2,cloudsync-api,"{""sha"":""s4t5u6v"",""message"":""Fix: memory leak in resource monitor"",""files_changed"":2,""additions"":56,""deletions"":42}"
GH-2003,2025-12-17T08:20:00Z,commit,Lisa Park,2,cloudsync-ui,"{""sha"":""v7w8x9y"",""message"":""UI: resource allocation dashboard"",""files_changed"":5,""additions"":230,""deletions"":12}"
GH-3001,2025-12-20T08:15:00Z,commit,Dr. Patel,3,medtrack-backend,"{""sha"":""n7o8p9q"",""message"":""Feat: real-time patient monitoring"",""files_changed"":6,""additions"":280,""deletions"":45}"
GH-3002,2025-12-19T12:00:00Z,commit,Nurse Jane,3,medtrack-mobile,"{""sha"":""q1r2s3t"",""message"":""Mobile: add vital signs tracker"",""files_changed"":4,""additions"":165,""deletions"":12}"
GH-3003,2025-12-18T09:30:00Z,commit,Dr. Patel,3,medtrack-backend,"{""sha"":""t4u5v6w"",""message"":""Security: HIPAA audit logging"",""files_changed"":5,""additions"":210,""deletions"":30}"
GH-4001,2025-12-18T14:23:00Z,commit,John Doe,4,quantvault-engine,"{""sha"":""a1b2c3d"",""message"":""Fix: handle null product ids in sync worker"",""files_changed"":2,""additions"":45,""deletions"":12}"
GH-4002,2025-12-17T09:15:00Z,commit,Alice Smith,4,quantvault-engine,"{""sha"":""d4e5f6a"",""message"":""Feat: add backoff and retry for webhook"",""files_changed"":3,""additions"":89,""deletions"":5}"
GH-5001,2025-12-19T13:00:00Z,commit,Ops Manager,5,logichain-core,"{""sha"":""x7y8z9a"",""message"":""Feat: route optimization algorithm"",""files_changed"":5,""additions"":320,""deletions"":45}"
GH-5002,2025-12-18T10:30:00Z,commit,Driver App Dev,5,logichain-mobile,"{""sha"":""a1b2c3d4"",""message"":""Mobile: driver app v2"",""files_changed"":9,""additions"":560,""deletions"":120}"
GH-6001,2025-12-20T10:00:00Z,commit,HR Lead,6,insighthr-backend,"{""sha"":""v2w3x4y5"",""message"":""Feat: engagement tracking module"",""files_changed"":5,""additions"":210,""deletions"":20}"
GH-6002,2025-12-19T14:20:00Z,commit,Recruiter Dev,6,insighthr-recruiting,"{""sha"":""y6z7a8b9"",""message"":""Feat: candidate screening automation"",""files_changed"":4,""additions"":180,""deletions"":12}"
PR-1,2025-12-18T14:23:00Z,pull_request,John Doe,1,retailflow-core,"{""pr_id"":""PR-1"",""title"":""Fix: handle null product ids in sync worker"",""status"":""pending-review"",""reviewers"":""Alice Smith|Bob Johnson""}"
PR-2,2025-12-17T09:15:00Z,pull_request,Alice Smith,1,retailflow-core,"{""pr_id"":""PR-2"",""title"":""Feat: add backoff and retry for webhook"",""status"":""approved"",""reviewers"":""John Doe""}"
PR-3,2025-12-16T11:30:00Z,pull_request,Bob Johnson,1,retailflow-ui,"{""pr_id"":""PR-3"",""title"":""UI: Inventory dashboard redesign"",""status"":""changes-requested"",""reviewers"":""Carol Davis""}"
PR-21,2025-12-19T10:00:00Z,pull_request,Sara Kim,2,cloudsync-api,"{""pr_id"":""PR-21"",""title"":""Feat: auto-scaling policy"",""status"":""pending-review"",""reviewers"":""Mike Chen|Lisa Park""}"
PR-22,2025-12-18T13:45:00Z,pull_request,Mike Chen,2,cloudsync-api,"{""pr_id"":""PR-22"",""title"":""Fix: memory leak in resource monitor"",""status"":""approved"",""reviewers"":""Sara Kim""}"
PR-31,2025-12-20T08:15:00Z,pull_request,Dr. Patel,3,medtrack-backend,"{""pr_id"":""PR-31"",""title"":""Feat: real-time patient monitoring"",""status"":""pending-review"",""reviewers"":""Maria Dev|Nurse Jane""}"
PR-41,2025-12-18T14:23:00Z,pull_request,John Doe,4,quantvault-engine,"{""pr_id"":""PR-41"",""title"":""Fix: handle null product ids"",""status"":""pending-review"",""reviewers"":""Alice Smith|Bob Johnson""}"
PR-51,2025-12-19T13:00:00Z,pull_request,Ops Manager,5,logichain-core,"{""pr_id"":""PR-51"",""title"":""Feat: route optimization algorithm"",""status"":""pending-review"",""reviewers"":""Warehouse Dev""}"
PR-61,2025-12-20T10:00:00Z,pull_request,HR Lead,6,insighthr-backend,"{""pr_id"":""PR-61"",""title"":""Feat: engagement tracking module"",""status"":""pending-review"",""reviewers"":""UI Designer""}"
TM-1-1,2025-12-20T00:00:00Z,team_member,John Doe,1,,"{""member_id"":""1"",""name"":""John Doe"",""role"":""Lead Engineer"",""avatar"":""ğŸ‘¨â€ğŸ’¼"",""tasks_assigned"":12,""tasks_completed"":8,""tasks_due_today"":3,""current_task"":""Integrate inventory sync with ERP"",""prs_pending"":2,""reviews_pending"":1}"
TM-1-2,2025-12-20T00:00:00Z,team_member,Alice Smith,1,,"{""member_id"":""2"",""name"":""Alice Smith"",""role"":""Backend Engineer"",""avatar"":""ğŸ‘©â€ğŸ’»"",""tasks_assigned"":10,""tasks_completed"":7,""tasks_due_today"":2,""current_task"":""Add retry logic to webhook handler"",""prs_pending"":1,""reviews_pending"":0}"
TM-1-3,2025-12-20T00:00:00Z,team_member,Bob Johnson,1,,"{""member_id"":""3"",""name"":""Bob Johnson"",""role"":""Frontend Engineer"",""avatar"":""ğŸ‘¨â€ğŸ’»"",""tasks_assigned"":14,""tasks_completed"":11,""tasks_due_today"":1,""current_task"":""Build inventory dashboard UI"",""prs_pending"":0,""reviews_pending"":2}"
TM-1-4,2025-12-20T00:00:00Z,team_member,Carol Davis,1,,"{""member_id"":""4"",""name"":""Carol Davis"",""role"":""QA Engineer"",""avatar"":""ğŸ‘©â€ğŸ”¬"",""tasks_assigned"":16,""tasks_completed"":13,""tasks_due_today"":2,""current_task"":""Test sync module for edge cases"",""prs_pending"":0,""reviews_pending"":0}"
TM-1-5,2025-12-20T00:00:00Z,team_member,David Lee,1,,"{""member_id"":""5"",""name"":""David Lee"",""role"":""DevOps Engineer"",""avatar"":""ğŸ‘¨â€ğŸ”§"",""tasks_assigned"":8,""tasks_completed"":6,""tasks_due_today"":1,""current_task"":""Deploy staging environment"",""prs_pending"":1,""reviews_pending"":0}"
TM-2-6,2025-12-20T00:00:00Z,team_member,Sara Kim,2,,"{""member_id"":""6"",""name"":""Sara Kim"",""role"":""Cloud Architect"",""avatar"":""ğŸ‘©â€ğŸ’»"",""tasks_assigned"":15,""tasks_completed"":12,""tasks_due_today"":2,""current_task"":""Implement auto-scaling policies"",""prs_pending"":1,""reviews_pending"":1}"
TM-2-7,2025-12-20T00:00:00Z,team_member,Mike Chen,2,,"{""member_id"":""7"",""name"":""Mike Chen"",""role"":""Platform Engineer"",""avatar"":""ğŸ‘¨â€ğŸ’¼"",""tasks_assigned"":13,""tasks_completed"":10,""tasks_due_today"":1,""current_task"":""Fix resource monitor memory leak"",""prs_pending"":0,""reviews_pending"":1}"
TM-2-8,2025-12-20T00:00:00Z,team_member,Lisa Park,2,,"{""member_id"":""8"",""name"":""Lisa Park"",""role"":""Frontend Lead"",""avatar"":""ğŸ‘©â€ğŸ¨"",""tasks_assigned"":11,""tasks_completed"":9,""tasks_due_today"":1,""current_task"":""Build resource allocation dashboard"",""prs_pending"":1,""reviews_pending"":0}"
TM-2-9,2025-12-20T00:00:00Z,team_member,Tom Wilson,2,,"{""member_id"":""9"",""name"":""Tom Wilson"",""role"":""DevOps Lead"",""avatar"":""ğŸ‘¨â€ğŸ”§"",""tasks_assigned"":9,""tasks_completed"":7,""tasks_due_today"":2,""current_task"":""Set up monitoring infrastructure"",""prs_pending"":0,""reviews_pending"":1}"
TM-2-10,2025-12-20T00:00:00Z,team_member,Amy Zhang,2,,"{""member_id"":""10"",""name"":""Amy Zhang"",""role"":""QA Engineer"",""avatar"":""ğŸ‘©â€ğŸ”¬"",""tasks_assigned"":12,""tasks_completed"":10,""tasks_due_today"":1,""current_task"":""Test multi-tenant isolation"",""prs_pending"":0,""reviews_pending"":0}"
TM-3-11,2025-12-20T00:00:00Z,team_member,Dr. Patel,3,,"{""member_id"":""11"",""name"":""Dr. Patel"",""role"":""Technical Lead"",""avatar"":""ğŸ‘¨â€âš•ï¸"",""tasks_assigned"":14,""tasks_completed"":11,""tasks_due_today"":3,""current_task"":""Implement real-time monitoring"",""prs_pending"":2,""reviews_pending"":0}"
TM-3-12,2025-12-20T00:00:00Z,team_member,Nurse Jane,3,,"{""member_id"":""12"",""name"":""Nurse Jane"",""role"":""Mobile Developer"",""avatar"":""ğŸ‘©â€ğŸ’»"",""tasks_assigned"":10,""tasks_completed"":8,""tasks_due_today"":1,""current_task"":""Add vital signs tracker"",""prs_pending"":1,""reviews_pending"":1}"
TM-3-13,2025-12-20T00:00:00Z,team_member,Maria Dev,3,,"{""member_id"":""13"",""name"":""Maria Dev"",""role"":""Full Stack Engineer"",""avatar"":""ğŸ‘©â€ğŸ’¼"",""tasks_assigned"":13,""tasks_completed"":10,""tasks_due_today"":2,""current_task"":""Redesign patient dashboard"",""prs_pending"":0,""reviews_pending"":1}"
TM-3-14,2025-12-20T00:00:00Z,team_member,Sam Clinical,3,,"{""member_id"":""14"",""name"":""Sam Clinical"",""role"":""Compliance Engineer"",""avatar"":""ğŸ‘¨â€ğŸ”¬"",""tasks_assigned"":8,""tasks_completed"":7,""tasks_due_today"":0,""current_task"":""Update HIPAA audit logs"",""prs_pending"":0,""reviews_pending"":0}"
TM-3-15,2025-12-20T00:00:00Z,team_member,Tech Support,3,,"{""member_id"":""15"",""name"":""Tech Support"",""role"":""Support Engineer"",""avatar"":""ğŸ‘¨â€ğŸ”§"",""tasks_assigned"":7,""tasks_completed"":6,""tasks_due_today"":1,""current_task"":""Fix offline sync issues"",""prs_pending"":0,""reviews_pending"":0}"
TM-4-16,2025-12-20T00:00:00Z,team_member,John Doe,4,,"{""member_id"":""16"",""name"":""John Doe"",""role"":""Lead Quant"",""avatar"":""ğŸ‘¨â€ğŸ’¼"",""tasks_assigned"":12,""tasks_completed"":8,""tasks_due_today"":3,""current_task"":""Build risk prediction model"",""prs_pending"":2,""reviews_pending"":1}"
TM-4-17,2025-12-20T00:00:00Z,team_member,Alice Smith,4,,"{""member_id"":""17"",""name"":""Alice Smith"",""role"":""Backend Engineer"",""avatar"":""ğŸ‘©â€ğŸ’»"",""tasks_assigned"":10,""tasks_completed"":7,""tasks_due_today"":2,""current_task"":""Optimize portfolio calculations"",""prs_pending"":1,""reviews_pending"":0}"
TM-4-18,2025-12-20T00:00:00Z,team_member,Bob Johnson,4,,"{""member_id"":""18"",""name"":""Bob Johnson"",""role"":""Frontend Engineer"",""avatar"":""ğŸ‘¨â€ğŸ’»"",""tasks_assigned"":14,""tasks_completed"":11,""tasks_due_today"":1,""current_task"":""Create scenario modeling UI"",""prs_pending"":0,""reviews_pending"":2}"
TM-4-19,2025-12-20T00:00:00Z,team_member,Carol Davis,4,,"{""member_id"":""19"",""name"":""Carol Davis"",""role"":""QA Engineer"",""avatar"":""ğŸ‘©â€ğŸ”¬"",""tasks_assigned"":16,""tasks_completed"":13,""tasks_due_today"":2,""current_task"":""Validate risk models"",""prs_pending"":0,""reviews_pending"":0}"
TM-4-20,2025-12-20T00:00:00Z,team_member,David Lee,4,,"{""member_id"":""20"",""name"":""David Lee"",""role"":""DevOps Engineer"",""avatar"":""ğŸ‘¨â€ğŸ”§"",""tasks_assigned"":8,""tasks_completed"":6,""tasks_due_today"":1,""current_task"":""Deploy production environment"",""prs_pending"":1,""reviews_pending"":0}"
TM-5-21,2025-12-20T00:00:00Z,team_member,Ops Manager,5,,"{""member_id"":""21"",""name"":""Ops Manager"",""role"":""Operations Lead"",""avatar"":""ğŸ‘¨â€ğŸ’¼"",""tasks_assigned"":15,""tasks_completed"":11,""tasks_due_today"":3,""current_task"":""Implement route optimization"",""prs_pending"":1,""reviews_pending"":1}"
TM-5-22,2025-12-20T00:00:00Z,team_member,Driver App Dev,5,,"{""member_id"":""22"",""name"":""Driver App Dev"",""role"":""Mobile Developer"",""avatar"":""ğŸ‘©â€ğŸ’»"",""tasks_assigned"":12,""tasks_completed"":9,""tasks_due_today"":2,""current_task"":""Build driver app v2"",""prs_pending"":1,""reviews_pending"":0}"
TM-5-23,2025-12-20T00:00:00Z,team_member,Warehouse Dev,5,,"{""member_id"":""23"",""name"":""Warehouse Dev"",""role"":""Backend Engineer"",""avatar"":""ğŸ‘¨â€ğŸ’»"",""tasks_assigned"":14,""tasks_completed"":10,""tasks_due_today"":1,""current_task"":""Create inventory rebalancing"",""prs_pending"":0,""reviews_pending"":1}"
TM-5-24,2025-12-20T00:00:00Z,team_member,Logistics QA,5,,"{""member_id"":""24"",""name"":""Logistics QA"",""role"":""QA Engineer"",""avatar"":""ğŸ‘©â€ğŸ”¬"",""tasks_assigned"":10,""tasks_completed"":8,""tasks_due_today"":1,""current_task"":""Test warehouse workflows"",""prs_pending"":0,""reviews_pending"":0}"
TM-5-25,2025-12-20T00:00:00Z,team_member,Fleet Manager,5,,"{""member_id"":""25"",""name"":""Fleet Manager"",""role"":""Integration Engineer"",""avatar"":""ğŸ‘¨â€ğŸ”§"",""tasks_assigned"":9,""tasks_completed"":7,""tasks_due_today"":1,""current_task"":""Integrate GPS tracking"",""prs_pending"":0,""reviews_pending"":0}"
TM-6-26,2025-12-20T00:00:00Z,team_member,HR Lead,6,,"{""member_id"":""26"",""name"":""HR Lead"",""role"":""HR Tech Lead"",""avatar"":""ğŸ‘©â€ğŸ’¼"",""tasks_assigned"":13,""tasks_completed"":10,""tasks_due_today"":2,""current_task"":""Build engagement tracking"",""prs_pending"":1,""reviews_pending"":1}"
TM-6-27,2025-12-20T00:00:00Z,team_member,Recruiter Dev,6,,"{""member_id"":""27"",""name"":""Recruiter Dev"",""role"":""Backend Developer"",""avatar"":""ğŸ‘¨â€ğŸ’»"",""tasks_assigned"":11,""tasks_completed"":8,""tasks_due_today"":1,""current_task"":""Automate candidate screening"",""prs_pending"":1,""reviews_pending"":0}"
TM-6-28,2025-12-20T00:00:00Z,team_member,UI Designer,6,,"{""member_id"":""28"",""name"":""UI Designer"",""role"":""Frontend Lead"",""avatar"":""ğŸ‘©â€ğŸ¨"",""tasks_assigned"":12,""tasks_completed"":9,""tasks_due_today"":2,""current_task"":""Design workforce dashboard"",""prs_pending"":0,""reviews_pending"":1}"
TM-6-29,2025-12-20T00:00:00Z,team_member,Payroll Eng,6,,"{""member_id"":""29"",""name"":""Payroll Eng"",""role"":""Integration Engineer"",""avatar"":""ğŸ‘¨â€ğŸ”§"",""tasks_assigned"":9,""tasks_completed"":7,""tasks_due_today"":1,""current_task"":""Fix payroll calculations"",""prs_pending"":0,""reviews_pending"":0}"
TM-6-30,2025-12-20T00:00:00Z,team_member,Analytics Dev,6,,"{""member_id"":""30"",""name"":""Analytics Dev"",""role"":""Data Engineer"",""avatar"":""ğŸ‘©â€ğŸ’»"",""tasks_assigned"":10,""tasks_completed"":8,""tasks_due_today"":1,""current_task"":""Build retention insights"",""prs_pending"":0,""reviews_pending"":0}"
WC-1-1,2025-12-05T00:00:00Z,weekly_commits,,1,,"{""week_start"":""2025-11-29"",""week_end"":""2025-12-05"",""commits_count"":32}"
WC-1-2,2025-12-12T00:00:00Z,weekly_commits,,1,,"{""week_start"":""2025-12-06"",""week_end"":""2025-12-12"",""commits_count"":45}"
WC-1-3,2025-12-20T00:00:00Z,weekly_commits,,1,,"{""week_start"":""2025-12-13"",""week_end"":""2025-12-20"",""commits_count"":38}"
WC-2-1,2025-12-05T00:00:00Z,weekly_commits,,2,,"{""week_start"":""2025-11-29"",""week_end"":""2025-12-05"",""commits_count"":28}"
WC-2-2,2025-12-12T00:00:00Z,weekly_commits,,2,,"{""week_start"":""2025-12-06"",""week_end"":""2025-12-12"",""commits_count"":41}"
WC-2-3,2025-12-20T00:00:00Z,weekly_commits,,2,,"{""week_start"":""2025-12-13"",""week_end"":""2025-12-20"",""commits_count"":35}"
WC-3-1,2025-12-05T00:00:00Z,weekly_commits,,3,,"{""week_start"":""2025-11-29"",""week_end"":""2025-12-05"",""commits_count"":30}"
WC-3-2,2025-12-12T00:00:00Z,weekly_commits,,3,,"{""week_start"":""2025-12-06"",""week_end"":""2025-12-12"",""commits_count"":43}"
WC-3-3,2025-12-20T00:00:00Z,weekly_commits,,3,,"{""week_start"":""2025-12-13"",""week_end"":""2025-12-20"",""commits_count"":37}"
WC-4-1,2025-12-05T00:00:00Z,weekly_commits,,4,,"{""week_start"":""2025-11-29"",""week_end"":""2025-12-05"",""commits_count"":29}"
WC-4-2,2025-12-12T00:00:00Z,weekly_commits,,4,,"{""week_start"":""2025-12-06"",""week_end"":""2025-12-12"",""commits_count"":42}"
WC-4-3,2025-12-20T00:00:00Z,weekly_commits,,4,,"{""week_start"":""2025-12-13"",""week_end"":""2025-12-20"",""commits_count"":36}"
WC-5-1,2025-12-05T00:00:00Z,weekly_commits,,5,,"{""week_start"":""2025-11-29"",""week_end"":""2025-12-05"",""commits_count"":27}"
WC-5-2,2025-12-12T00:00:00Z,weekly_commits,,5,,"{""week_start"":""2025-12-06"",""week_end"":""2025-12-12"",""commits_count"":40}"
WC-5-3,2025-12-20T00:00:00Z,weekly_commits,,5,,"{""week_start"":""2025-12-13"",""week_end"":""2025-12-20"",""commits_count"":34}"
WC-6-1,2025-12-05T00:00:00Z,weekly_commits,,6,,"{""week_start"":""2025-11-29"",""week_end"":""2025-12-05"",""commits_count"":31}"
WC-6-2,2025-12-12T00:00:00Z,weekly_commits,,6,,"{""week_start"":""2025-12-06"",""week_end"":""2025-12-12"",""commits_count"":44}"
WC-6-3,2025-12-20T00:00:00Z,weekly_commits,,6,,"{""week_start"":""2025-12-13"",""week_end"":""2025-12-20"",""commits_count"":39}"
BD-1-1,2025-12-01T00:00:00Z,burndown,,1,,"{""sprint_name"":""Sprint 24"",""day"":""Day 1"",""date"":""2025-12-01"",""total_tasks"":45,""remaining_tasks"":45}"
BD-1-2,2025-12-02T00:00:00Z,burndown,,1,,"{""sprint_name"":""Sprint 24"",""day"":""Day 2"",""date"":""2025-12-02"",""total_tasks"":45,""remaining_tasks"":42}"
BD-1-3,2025-12-03T00:00:00Z,burndown,,1,,"{""sprint_name"":""Sprint 24"",""day"":""Day 3"",""date"":""2025-12-03"",""total_tasks"":45,""remaining_tasks"":39}"
BD-1-4,2025-12-04T00:00:00Z,burndown,,1,,"{""sprint_name"":""Sprint 24"",""day"":""Day 4"",""date"":""2025-12-04"",""total_tasks"":45,""remaining_tasks"":35}"
BD-1-5,2025-12-05T00:00:00Z,burndown,,1,,"{""sprint_name"":""Sprint 24"",""day"":""Day 5"",""date"":""2025-12-05"",""total_tasks"":45,""remaining_tasks"":31}"
BD-1-6,2025-12-06T00:00:00Z,burndown,,1,,"{""sprint_name"":""Sprint 24"",""day"":""Day 6"",""date"":""2025-12-06"",""total_tasks"":45,""remaining_tasks"":28}"
BD-1-7,2025-12-07T00:00:00Z,burndown,,1,,"{""sprint_name"":""Sprint 24"",""day"":""Day 7"",""date"":""2025-12-07"",""total_tasks"":45,""remaining_tasks"":24}"
BD-1-8,2025-12-08T00:00:00Z,burndown,,1,,"{""sprint_name"":""Sprint 24"",""day"":""Day 8"",""date"":""2025-12-08"",""total_tasks"":45,""remaining_tasks"":21}"
BD-1-9,2025-12-09T00:00:00Z,burndown,,1,,"{""sprint_name"":""Sprint 24"",""day"":""Day 9"",""date"":""2025-12-09"",""total_tasks"":45,""remaining_tasks"":18}"
BD-1-10,2025-12-10T00:00:00Z,burndown,,1,,"{""sprint_name"":""Sprint 24"",""day"":""Day 10"",""date"":""2025-12-10"",""total_tasks"":45,""remaining_tasks"":14}"
BD-2-1,2025-12-01T00:00:00Z,burndown,,2,,"{""sprint_name"":""Sprint 15"",""day"":""Day 1"",""date"":""2025-12-01"",""total_tasks"":52,""remaining_tasks"":52}"
BD-2-2,2025-12-02T00:00:00Z,burndown,,2,,"{""sprint_name"":""Sprint 15"",""day"":""Day 2"",""date"":""2025-12-02"",""total_tasks"":52,""remaining_tasks"":49}"
BD-2-3,2025-12-03T00:00:00Z,burndown,,2,,"{""sprint_name"":""Sprint 15"",""day"":""Day 3"",""date"":""2025-12-03"",""total_tasks"":52,""remaining_tasks"":45}"
BD-2-10,2025-12-10T00:00:00Z,burndown,,2,,"{""sprint_name"":""Sprint 15"",""day"":""Day 10"",""date"":""2025-12-10"",""total_tasks"":52,""remaining_tasks"":17}"
BD-3-1,2025-12-01T00:00:00Z,burndown,,3,,"{""sprint_name"":""Sprint 18"",""day"":""Day 1"",""date"":""2025-12-01"",""total_tasks"":48,""remaining_tasks"":48}"
BD-3-10,2025-12-10T00:00:00Z,burndown,,3,,"{""sprint_name"":""Sprint 18"",""day"":""Day 10"",""date"":""2025-12-10"",""total_tasks"":48,""remaining_tasks"":15}"
BD-4-1,2025-12-01T00:00:00Z,burndown,,4,,"{""sprint_name"":""Sprint 12"",""day"":""Day 1"",""date"":""2025-12-01"",""total_tasks"":50,""remaining_tasks"":50}"
BD-4-10,2025-12-10T00:00:00Z,burndown,,4,,"{""sprint_name"":""Sprint 12"",""day"":""Day 10"",""date"":""2025-12-10"",""total_tasks"":50,""remaining_tasks"":16}"
BD-5-1,2025-12-01T00:00:00Z,burndown,,5,,"{""sprint_name"":""Sprint 20"",""day"":""Day 1"",""date"":""2025-12-01"",""total_tasks"":46,""remaining_tasks"":46}"
BD-5-10,2025-12-10T00:00:00Z,burndown,,5,,"{""sprint_name"":""Sprint 20"",""day"":""Day 10"",""date"":""2025-12-10"",""total_tasks"":46,""remaining_tasks"":14}"
BD-6-1,2025-12-01T00:00:00Z,burndown,,6,,"{""sprint_name"":""Sprint 16"",""day"":""Day 1"",""date"":""2025-12-01"",""total_tasks"":49,""remaining_tasks"":49}"
BD-6-10,2025-12-10T00:00:00Z,burndown,,6,,"{""sprint_name"":""Sprint 16"",""day"":""Day 10"",""date"":""2025-12-10"",""total_tasks"":49,""remaining_tasks"":15}"

# Expanded commits for all projects
GH-5001,2025-12-21T08:00:00Z,commit,Alice Smith,1,retailflow-core,"{""sha"":""x1y2z3"",""message"":""Refactor inventory sync module"",""files_changed"":6,""additions"":180,""deletions"":45}"
GH-5002,2025-12-21T09:15:00Z,commit,Bob Johnson,1,retailflow-ui,"{""sha"":""a2b3c4"",""message"":""Add responsive dashboard layout"",""files_changed"":8,""additions"":220,""deletions"":30}"
GH-5003,2025-12-21T10:30:00Z,commit,Carol Davis,1,retailflow-api,"{""sha"":""d5e6f7"",""message"":""Optimize API query performance"",""files_changed"":4,""additions"":95,""deletions"":22}"
GH-5004,2025-12-21T11:45:00Z,commit,David Lee,1,retailflow-ops,"{""sha"":""g8h9i0"",""message"":""Update CI/CD pipeline config"",""files_changed"":3,""additions"":67,""deletions"":18}"
GH-5005,2025-12-21T13:00:00Z,commit,Sara Kim,2,cloudsync-api,"{""sha"":""j1k2l3"",""message"":""Implement resource pooling"",""files_changed"":5,""additions"":145,""deletions"":35}"
GH-5006,2025-12-21T14:15:00Z,commit,Mike Chen,2,cloudsync-monitor,"{""sha"":""m4n5o6"",""message"":""Add metrics collection service"",""files_changed"":7,""additions"":198,""deletions"":41}"
GH-5007,2025-12-21T15:30:00Z,commit,Lisa Park,2,cloudsync-ui,"{""sha"":""p7q8r9"",""message"":""Build analytics dashboard"",""files_changed"":9,""additions"":275,""deletions"":28}"
GH-5008,2025-12-21T16:45:00Z,commit,Tom Wilson,2,cloudsync-infra,"{""sha"":""s0t1u2"",""message"":""Configure auto-scaling rules"",""files_changed"":4,""additions"":88,""deletions"":19}"
GH-5009,2025-12-22T08:00:00Z,commit,Dr. Patel,3,medtrack-backend,"{""sha"":""v3w4x5"",""message"":""Enhance patient data encryption"",""files_changed"":6,""additions"":167,""deletions"":38}"
GH-5010,2025-12-22T09:15:00Z,commit,Nurse Jane,3,medtrack-mobile,"{""sha"":""y6z7a8"",""message"":""Add offline sync capability"",""files_changed"":5,""additions"":134,""deletions"":27}"
GH-5011,2025-12-22T10:30:00Z,commit,Maria Dev,3,medtrack-ui,"{""sha"":""b9c0d1"",""message"":""Redesign patient dashboard"",""files_changed"":8,""additions"":211,""deletions"":49}"
GH-5012,2025-12-22T11:45:00Z,commit,Sam Clinical,3,medtrack-compliance,"{""sha"":""e2f3g4"",""message"":""Update HIPAA audit logs"",""files_changed"":3,""additions"":72,""deletions"":15}"
GH-5013,2025-12-22T13:00:00Z,commit,John Doe,4,quantvault-engine,"{""sha"":""h5i6j7"",""message"":""Improve risk calculation accuracy"",""files_changed"":7,""additions"":189,""deletions"":52}"
GH-5014,2025-12-22T14:15:00Z,commit,Alice Smith,4,quantvault-ml,"{""sha"":""k8l9m0"",""message"":""Train new prediction model"",""files_changed"":5,""additions"":156,""deletions"":33}"
GH-5015,2025-12-22T15:30:00Z,commit,Bob Johnson,4,quantvault-ui,"{""sha"":""n1o2p3"",""message"":""Add scenario modeling interface"",""files_changed"":9,""additions"":244,""deletions"":38}"
GH-5016,2025-12-22T16:45:00Z,commit,Carol Davis,4,quantvault-api,"{""sha"":""q4r5s6"",""message"":""Optimize portfolio calculations"",""files_changed"":4,""additions"":102,""deletions"":24}"
GH-5017,2025-12-23T08:00:00Z,commit,Ops Manager,5,logichain-core,"{""sha"":""t7u8v9"",""message"":""Enhance route optimization algo"",""files_changed"":6,""additions"":178,""deletions"":44}"
GH-5018,2025-12-23T09:15:00Z,commit,Driver App Dev,5,logichain-mobile,"{""sha"":""w0x1y2"",""message"":""Add GPS tracking integration"",""files_changed"":7,""additions"":203,""deletions"":31}"
GH-5019,2025-12-23T10:30:00Z,commit,Warehouse Dev,5,logichain-backend,"{""sha"":""z3a4b5"",""message"":""Implement inventory rebalancing"",""files_changed"":5,""additions"":142,""deletions"":28}"
GH-5020,2025-12-23T11:45:00Z,commit,Logistics QA,5,logichain-api,"{""sha"":""c6d7e8"",""message"":""Add delivery tracking endpoints"",""files_changed"":4,""additions"":98,""deletions"":21}"
GH-5021,2025-12-23T13:00:00Z,commit,HR Lead,6,insighthr-backend,"{""sha"":""f9g0h1"",""message"":""Build engagement tracking module"",""files_changed"":8,""additions"":227,""deletions"":47}"
GH-5022,2025-12-23T14:15:00Z,commit,Recruiter Dev,6,insighthr-recruiting,"{""sha"":""i2j3k4"",""message"":""Automate candidate screening"",""files_changed"":6,""additions"":171,""deletions"":36}"
GH-5023,2025-12-23T15:30:00Z,commit,UI Designer,6,insighthr-ui,"{""sha"":""l5m6n7"",""message"":""Design workforce dashboard"",""files_changed"":9,""additions"":255,""deletions"":42}"
GH-5024,2025-12-23T16:45:00Z,commit,Payroll Eng,6,insighthr-payroll,"{""sha"":""o8p9q0"",""message"":""Fix payroll calculation logic"",""files_changed"":5,""additions"":127,""deletions"":29}"

# More PRs across projects
PR-101,2025-12-21T10:00:00Z,pull_request,Alice Smith,1,retailflow-core,"{""pr_id"":""PR-101"",""title"":""Refactor inventory sync"",""status"":""pending-review"",""reviewers"":""Bob Johnson|Carol Davis""}"
PR-102,2025-12-21T11:30:00Z,pull_request,Bob Johnson,1,retailflow-ui,"{""pr_id"":""PR-102"",""title"":""Responsive dashboard"",""status"":""approved"",""reviewers"":""Alice Smith""}"
PR-201,2025-12-21T14:00:00Z,pull_request,Sara Kim,2,cloudsync-api,"{""pr_id"":""PR-201"",""title"":""Resource pooling"",""status"":""pending-review"",""reviewers"":""Mike Chen""}"
PR-202,2025-12-21T15:30:00Z,pull_request,Mike Chen,2,cloudsync-monitor,"{""pr_id"":""PR-202"",""title"":""Metrics collection"",""status"":""changes-requested"",""reviewers"":""Lisa Park""}"
PR-301,2025-12-22T09:00:00Z,pull_request,Dr. Patel,3,medtrack-backend,"{""pr_id"":""PR-301"",""title"":""Enhanced encryption"",""status"":""approved"",""reviewers"":""Maria Dev""}"
PR-302,2025-12-22T11:00:00Z,pull_request,Nurse Jane,3,medtrack-mobile,"{""pr_id"":""PR-302"",""title"":""Offline sync"",""status"":""pending-review"",""reviewers"":""Dr. Patel""}"
PR-401,2025-12-22T14:00:00Z,pull_request,John Doe,4,quantvault-engine,"{""pr_id"":""PR-401"",""title"":""Risk calculation improvements"",""status"":""approved"",""reviewers"":""Alice Smith""}"
PR-402,2025-12-22T16:00:00Z,pull_request,Bob Johnson,4,quantvault-ui,"{""pr_id"":""PR-402"",""title"":""Scenario modeling UI"",""status"":""pending-review"",""reviewers"":""Carol Davis""}"
PR-501,2025-12-23T09:00:00Z,pull_request,Ops Manager,5,logichain-core,"{""pr_id"":""PR-501"",""title"":""Route optimization enhancement"",""status"":""pending-review"",""reviewers"":""Warehouse Dev""}"
PR-502,2025-12-23T11:00:00Z,pull_request,Driver App Dev,5,logichain-mobile,"{""pr_id"":""PR-502"",""title"":""GPS tracking"",""status"":""approved"",""reviewers"":""Ops Manager""}"
PR-601,2025-12-23T14:00:00Z,pull_request,HR Lead,6,insighthr-backend,"{""pr_id"":""PR-601"",""title"":""Engagement tracking"",""status"":""pending-review"",""reviewers"":""UI Designer""}"
PR-602,2025-12-23T16:00:00Z,pull_request,Recruiter Dev,6,insighthr-recruiting,"{""pr_id"":""PR-602"",""title"":""Candidate screening automation"",""status"":""approved"",""reviewers"":""HR Lead""}"
